{ "compressionlevel":-1,
 "height":20,
 "infinite":false,
 "layers":[
        {
         "data":[29, 29, 29, 29, 29, 29, 29, 29, 29, 29, 29, 29, 29, 29, 29, 29, 29, 29, 29, 29,
            29, 29, 29, 29, 29, 29, 29, 29, 29, 29, 29, 29, 29, 29, 29, 29, 29, 29, 29, 29,
            29, 29, 29, 29, 29, 29, 29, 29, 29, 29, 29, 29, 29, 29, 29, 29, 29, 29, 29, 29,
            29, 29, 29, 29, 29, 29, 29, 29, 29, 29, 29, 29, 29, 29, 29, 29, 29, 29, 29, 29,
            29, 29, 29, 29, 29, 29, 29, 29, 29, 29, 29, 29, 29, 29, 29, 29, 29, 29, 29, 29,
            29, 29, 29, 29, 29, 29, 29, 29, 29, 29, 29, 29, 29, 29, 29, 29, 29, 29, 29, 29,
            29, 29, 29, 29, 29, 29, 29, 29, 29, 29, 29, 29, 29, 29, 29, 29, 29, 29, 29, 29,
            29, 29, 29, 29, 29, 29, 29, 29, 29, 29, 29, 29, 29, 29, 29, 29, 29, 29, 29, 29,
            29, 29, 29, 29, 29, 29, 29, 29, 29, 29, 29, 29, 29, 29, 29, 29, 29, 29, 29, 29,
            29, 29, 29, 29, 29, 29, 29, 29, 29, 29, 29, 29, 29, 29, 29, 29, 29, 29, 29, 29,
            29, 29, 29, 29, 29, 29, 29, 29, 29, 29, 29, 29, 29, 29, 29, 29, 29, 29, 29, 29,
            29, 29, 29, 29, 29, 29, 29, 29, 29, 29, 29, 29, 29, 29, 29, 29, 29, 29, 29, 29,
            29, 29, 29, 29, 29, 29, 29, 29, 29, 29, 29, 29, 29, 29, 29, 29, 29, 29, 29, 29,
            29, 29, 29, 29, 29, 29, 29, 29, 29, 29, 29, 29, 29, 29, 29, 29, 29, 29, 29, 29,
            29, 29, 29, 29, 29, 29, 29, 29, 29, 29, 29, 29, 29, 29, 29, 29, 29, 29, 29, 29,
            29, 29, 29, 29, 29, 29, 29, 29, 29, 29, 29, 29, 29, 29, 29, 29, 29, 29, 29, 29,
            29, 29, 29, 29, 29, 29, 29, 29, 29, 29, 29, 29, 29, 29, 29, 29, 29, 29, 29, 29,
            29, 29, 29, 29, 29, 29, 29, 29, 29, 29, 29, 29, 29, 29, 29, 29, 29, 29, 29, 29,
            29, 29, 29, 29, 29, 29, 29, 29, 29, 29, 29, 29, 29, 29, 29, 29, 29, 29, 29, 29,
            29, 29, 29, 29, 29, 29, 29, 29, 29, 29, 29, 29, 29, 29, 29, 29, 29, 29, 29, 29],
         "height":20,
         "id":1,
         "name":"background",
         "opacity":1,
         "type":"tilelayer",
         "visible":true,
         "width":20,
         "x":0,
         "y":0
        }, 
        {
         "data":[90, 90, 90, 0, 0, 0, 0, 0, 0, 0, 0, 0, 0, 0, 0, 0, 0, 0, 90, 0,
            0, 0, 90, 0, 0, 0, 0, 90, 90, 90, 90, 90, 90, 90, 0, 0, 0, 0, 90, 0,
            0, 90, 90, 0, 0, 0, 0, 90, 0, 0, 0, 0, 0, 90, 90, 90, 0, 0, 90, 0,
            0, 90, 0, 0, 0, 0, 0, 90, 0, 90, 90, 0, 0, 90, 0, 0, 0, 0, 90, 0,
            0, 90, 0, 0, 0, 0, 0, 90, 0, 0, 90, 90, 90, 90, 90, 90, 90, 90, 90, 0,
            0, 90, 90, 90, 0, 0, 0, 90, 0, 0, 90, 0, 0, 0, 0, 0, 0, 0, 90, 0,
            0, 0, 0, 90, 90, 90, 90, 90, 0, 90, 90, 90, 0, 0, 0, 0, 0, 90, 90, 0,
            0, 0, 0, 0, 0, 0, 90, 0, 0, 0, 90, 0, 0, 90, 0, 0, 0, 90, 90, 0,
            0, 0, 0, 0, 0, 0, 0, 0, 0, 0, 90, 90, 90, 90, 0, 0, 0, 90, 90, 0,
            0, 0, 0, 0, 90, 0, 90, 90, 0, 90, 90, 90, 90, 0, 0, 0, 90, 90, 90, 0,
            0, 90, 0, 0, 90, 90, 90, 90, 0, 90, 0, 0, 0, 0, 0, 0, 0, 0, 0, 0,
            0, 90, 0, 0, 90, 90, 0, 90, 90, 90, 0, 0, 0, 0, 0, 90, 0, 0, 0, 0,
            0, 90, 0, 0, 0, 0, 0, 0, 90, 90, 0, 0, 0, 90, 90, 90, 0, 0, 0, 0,
            0, 90, 0, 0, 0, 0, 0, 0, 0, 90, 0, 0, 0, 90, 90, 90, 0, 0, 0, 0,
            0, 90, 90, 90, 90, 90, 90, 90, 0, 90, 90, 90, 90, 90, 0, 0, 0, 0, 0, 0,
            0, 90, 0, 0, 90, 0, 0, 90, 90, 90, 90, 0, 0, 0, 0, 0, 0, 0, 0, 0,
            0, 90, 90, 0, 90, 0, 0, 0, 0, 90, 0, 0, 0, 0, 0, 0, 90, 0, 0, 0,
            0, 0, 90, 90, 90, 0, 0, 0, 0, 90, 0, 0, 0, 0, 0, 90, 90, 0, 0, 0,
            0, 0, 0, 0, 0, 0, 0, 0, 90, 90, 90, 90, 90, 90, 90, 90, 0, 0, 0, 0,
            0, 0, 0, 0, 0, 0, 0, 0, 0, 0, 0, 0, 0, 0, 0, 0, 0, 0, 0, 0],
         "height":20,
         "id":2,
         "name":"passable",
         "opacity":1,
         "type":"tilelayer",
         "visible":true,
         "width":20,
         "x":0,
         "y":0
        }, 
        {
         "data":[0, 0, 0, 68, 68, 68, 68, 68, 66, 67, 68, 69, 66, 67, 68, 43, 44, 45, 0, 49,
            66, 67, 0, 66, 67, 68, 69, 0, 0, 0, 0, 0, 0, 0, 43, 44, 45, 45, 0, 49,
            48, 0, 0, 66, 67, 68, 69, 0, 43, 44, 45, 26, 0, 0, 0, 0, 49, 49, 0, 49,
            48, 0, 48, 66, 67, 68, 69, 0, 45, 0, 0, 5, 6, 0, 8, 43, 44, 45, 0, 49,
            48, 0, 48, 66, 67, 68, 69, 0, 27, 28, 0, 0, 0, 0, 0, 0, 0, 0, 0, 49,
            66, 0, 0, 0, 66, 66, 67, 0, 27, 28, 0, 24, 25, 5, 6, 7, 8, 9, 0, 49,
            66, 67, 68, 0, 0, 0, 0, 0, 0, 0, 0, 0, 5, 6, 7, 8, 9, 0, 0, 49,
            85, 86, 87, 26, 66, 67, 0, 66, 67, 6, 0, 8, 9, 0, 43, 44, 45, 0, 0, 49,
            5, 6, 7, 8, 9, 5, 6, 7, 8, 9, 0, 0, 0, 0, 43, 44, 45, 0, 0, 49,
            5, 28, 28, 49, 0, 49, 0, 0, 49, 0, 0, 0, 0, 43, 44, 45, 0, 0, 0, 49,
            24, 0, 44, 44, 0, 0, 0, 0, 49, 0, 135, 136, 137, 138, 139, 135, 136, 137, 138, 139,
            43, 0, 44, 44, 0, 0, 67, 0, 0, 0, 35, 36, 36, 35, 36, 0, 35, 36, 48, 14,
            5, 0, 44, 24, 25, 26, 66, 67, 0, 0, 35, 35, 36, 0, 0, 0, 35, 36, 32, 33,
            24, 0, 44, 44, 24, 25, 26, 66, 67, 0, 35, 36, 36, 0, 0, 0, 35, 36, 48, 14,
            43, 0, 0, 0, 0, 0, 0, 0, 67, 0, 0, 0, 0, 0, 35, 36, 35, 36, 32, 33,
            5, 0, 48, 48, 0, 5, 5, 0, 0, 0, 0, 5, 6, 7, 8, 9, 9, 32, 32, 33,
            24, 0, 0, 49, 0, 5, 5, 35, 36, 0, 35, 36, 121, 122, 67, 68, 0, 49, 121, 122,
            43, 0, 0, 0, 0, 24, 24, 35, 36, 0, 35, 36, 140, 141, 49, 0, 0, 49, 140, 141,
            43, 26, 27, 26, 27, 28, 43, 0, 0, 0, 0, 0, 0, 0, 0, 0, 138, 139, 140, 141,
            66, 67, 68, 69, 66, 67, 68, 69, 66, 67, 68, 69, 66, 67, 68, 69, 66, 67, 68, 69],
         "height":20,
         "id":3,
         "name":"walls",
         "opacity":1,
         "type":"tilelayer",
         "visible":true,
         "width":20,
         "x":0,
         "y":0
        }, 
        {
         "data":[0, 0, 0, 0, 0, 0, 0, 0, 0, 0, 0, 0, 0, 0, 0, 0, 0, 0, 0, 0,
            0, 0, 0, 0, 0, 0, 0, 0, 0, 0, 0, 0, 0, 0, 0, 0, 0, 0, 0, 0,
            0, 0, 0, 0, 0, 0, 0, 0, 0, 0, 0, 0, 0, 0, 0, 84, 0, 0, 0, 0,
            0, 84, 0, 0, 0, 0, 0, 0, 0, 0, 0, 0, 0, 0, 0, 0, 0, 0, 0, 0,
            0, 0, 0, 0, 0, 0, 0, 0, 0, 0, 0, 0, 0, 0, 0, 84, 0, 0, 84, 0,
            0, 0, 0, 0, 0, 0, 0, 0, 0, 0, 0, 0, 0, 0, 0, 0, 0, 0, 0, 0,
            0, 0, 0, 0, 0, 0, 0, 84, 0, 0, 0, 0, 0, 0, 0, 0, 0, 0, 0, 0,
            0, 0, 0, 0, 0, 0, 0, 0, 0, 0, 0, 0, 0, 84, 0, 0, 0, 0, 0, 0,
            0, 0, 0, 0, 0, 0, 0, 0, 0, 0, 0, 0, 0, 0, 0, 0, 0, 0, 0, 0,
            0, 0, 0, 0, 84, 0, 0, 84, 0, 0, 0, 0, 0, 0, 0, 0, 0, 0, 0, 0,
            0, 84, 0, 0, 0, 0, 0, 0, 0, 0, 0, 0, 0, 0, 0, 0, 0, 0, 0, 0,
            0, 0, 0, 0, 0, 0, 0, 0, 0, 0, 0, 0, 0, 0, 0, 84, 0, 0, 0, 0,
            0, 0, 0, 0, 0, 0, 0, 0, 0, 0, 0, 0, 0, 0, 0, 0, 0, 0, 0, 0,
            0, 0, 0, 0, 0, 0, 0, 0, 0, 0, 0, 0, 0, 0, 0, 0, 0, 0, 0, 0,
            0, 0, 0, 0, 0, 0, 0, 0, 0, 0, 0, 0, 0, 0, 0, 0, 0, 0, 0, 0,
            0, 0, 0, 0, 0, 0, 0, 0, 0, 0, 0, 0, 0, 0, 0, 0, 0, 0, 0, 0,
            0, 0, 0, 0, 0, 0, 0, 0, 0, 0, 0, 0, 0, 0, 0, 0, 84, 0, 0, 0,
            0, 0, 0, 84, 0, 0, 0, 0, 0, 0, 0, 0, 0, 0, 0, 0, 0, 0, 0, 0,
            0, 0, 0, 0, 0, 0, 0, 0, 84, 0, 0, 0, 0, 0, 0, 0, 0, 0, 0, 0,
            0, 0, 0, 0, 0, 0, 0, 0, 0, 0, 0, 0, 0, 0, 0, 0, 0, 0, 0, 0],
         "height":20,
         "id":5,
         "name":"coins",
         "opacity":1,
         "type":"tilelayer",
         "visible":true,
         "width":20,
         "x":0,
         "y":0
        }],
 "nextlayerid":6,
 "nextobjectid":1,
 "orientation":"orthogonal",
 "renderorder":"right-down",
 "tiledversion":"1.10.1",
 "tileheight":16,
 "tilesets":[
        {
         "firstgid":1,
         "source":"overworld.tsx"
        }],
 "tilewidth":16,
 "type":"map",
 "version":"1.10",
 "width":20
}